,DataType,#Nulls,#Uniques,Min,Mean,Max,Std,top10 val,top10 cnt,top10 raito
MachineIdentifier,object,0,8921483,,,,,"['2dbe1a018dd534816948d15f04cde6f2', 'bc63eb3323c0da554ca62ca0c7f58b4f', '96efc73b9f9fbbf3c78a109eff9b1c83', '8d5c17a137694ea8e1a76ba8bdd9babd', 'b263d215310ca7c94ac716b7477a5239', '0559db2d076431bb8f5d2f0872ccb203', '06f449d271ffbee836c1bd4ac43e7476', 'c850222474b4f309da6cf355eb184542', '74fd3e2155603463c3878ac83ec7668a', '675132fb17792207793b09a98a5d382e']","[1, 1, 1, 1, 1, 1, 1, 1, 1, 1]","[0.0, 0.0, 0.0, 0.0, 0.0, 0.0, 0.0, 0.0, 0.0, 0.0]"
ProductName,object,0,6,,,,,"['win8defender', 'mse', 'mseprerelease', 'scep', 'windowsintune', 'fep']","[8826520, 94873, 53, 22, 8, 7]","[0.99, 0.01, 0.0, 0.0, 0.0, 0.0]"
EngineVersion,object,0,70,,,,,"['1.1.15200.1', '1.1.15100.1', '1.1.15000.2', '1.1.14901.4', '1.1.14600.4', '1.1.14800.3', '1.1.15300.6', '1.1.14104.0', '1.1.13504.0', '1.1.15300.5']","[3845067, 3675915, 265218, 212408, 160585, 136476, 120295, 93926, 70645, 68716]","[0.43, 0.41, 0.03, 0.02, 0.02, 0.02, 0.01, 0.01, 0.01, 0.01]"
AppVersion,object,0,110,,,,,"['4.18.1807.18075', '4.18.1806.18062', '4.12.16299.15', '4.10.209.0', '4.13.17134.1', '4.16.17656.18052', '4.13.17134.228', '4.8.10240.17443', '4.9.10586.1106', '4.14.17639.18041']","[5139224, 850929, 359871, 272455, 257270, 235032, 226501, 205480, 203525, 194699]","[0.58, 0.1, 0.04, 0.03, 0.03, 0.03, 0.03, 0.02, 0.02, 0.02]"
AvSigVersion,object,0,8531,,,,,"['1.273.1420.0', '1.263.48.0', '1.275.1140.0', '1.275.727.0', '1.273.371.0', '1.273.1826.0', '1.275.1244.0', '1.251.42.0', '1.275.1209.0', '1.273.810.0']","[102317, 98024, 97232, 92448, 86967, 86013, 78902, 76837, 66393, 65895]","[0.01, 0.01, 0.01, 0.01, 0.01, 0.01, 0.01, 0.01, 0.01, 0.01]"
IsBeta,int8,0,2,0.0,7.509962189021713e-06,1.0,0.0027404208861246523,"[0, 1]","[8921416, 67]","[1.0, 0.0]"
RtpStateBitfield,float32,32318,7,0.0,6.8453322668664605,35.0,1.0260551413788253,"[7.0, 0.0, 8.0, 5.0, 3.0, 1.0, 35.0]","[8651487, 190701, 21974, 20328, 3029, 1625, 21]","[0.97, 0.02, 0.0, 0.0, 0.0, 0.0, 0.0]"
IsSxsPassiveMode,int8,0,2,0.0,0.017333777355177386,1.0,0.13051175972719894,"[0, 1]","[8766840, 154643]","[0.98, 0.02]"
DefaultBrowsersIdentifier,float32,8488045,1730,1.0,1658.3983960797161,3212.0,999.0682530980761,"[239.0, 3196.0, 1632.0, 3176.0, 146.0, 1910.0, 1727.0, 2724.0, 2064.0, 1160.0]","[46056, 42694, 28751, 24222, 20756, 19416, 17393, 14538, 13993, 12594]","[0.01, 0.0, 0.0, 0.0, 0.0, 0.0, 0.0, 0.0, 0.0, 0.0]"
AVProductStatesIdentifier,float32,36221,28970,3.0,47840.007124044285,70507.0,14032.370330483589,"[53447.0, 7945.0, 47238.0, 62773.0, 46413.0, 23657.0, 49480.0, 41571.0, 29199.0, 51954.0]","[5824565, 475897, 327656, 266764, 112878, 100455, 99899, 97659, 73550, 67616]","[0.65, 0.05, 0.04, 0.03, 0.01, 0.01, 0.01, 0.01, 0.01, 0.01]"
AVProductsInstalled,float32,36221,8,0.0,1.3267786588622823,7.0,0.5229271556541879,"[1.0, 2.0, 3.0, 4.0, 5.0, 6.0, 7.0, 0.0]","[6208893, 2459008, 208103, 8757, 471, 28, 1, 1]","[0.7, 0.28, 0.02, 0.0, 0.0, 0.0, 0.0, 0.0]"
AVProductsEnabled,float32,36221,6,0.0,1.0209667424550903,5.0,0.16755438168099923,"[1.0, 2.0, 0.0, 3.0, 4.0, 5.0]","[8654101, 198652, 25958, 6075, 453, 23]","[0.97, 0.02, 0.0, 0.0, 0.0, 0.0]"
HasTpm,int8,0,2,0.0,0.9879710581749693,1.0,0.10901489675901675,"[1, 0]","[8814167, 107316]","[0.99, 0.01]"
CountryIdentifier,int16,0,222,1.0,108.04904509709877,222.0,63.04705999520518,"[43, 29, 141, 93, 171, 60, 201, 207, 66, 89]","[397172, 347991, 333411, 283625, 280572, 231981, 220622, 211645, 208579, 200516]","[0.04, 0.04, 0.04, 0.03, 0.03, 0.03, 0.02, 0.02, 0.02, 0.02]"
CityIdentifier,float32,325409,107366,5.0,81266.53234011248,167962.0,48923.386791775556,"[130775.0, 16668.0, 82373.0, 10222.0, 61668.0, 143782.0, 66202.0, 58607.0, 66953.0, 92213.0]","[94812, 84780, 83312, 71814, 66845, 64650, 64286, 60598, 57874, 57303]","[0.01, 0.01, 0.01, 0.01, 0.01, 0.01, 0.01, 0.01, 0.01, 0.01]"
OrganizationIdentifier,float32,2751518,49,1.0,24.864918520607493,52.0,5.605503110243038,"[27.0, 18.0, 48.0, 50.0, 11.0, 37.0, 49.0, 46.0, 14.0, 32.0]","[4196457, 1764175, 63845, 45502, 19436, 19398, 13627, 10974, 4713, 4045]","[0.47, 0.2, 0.01, 0.01, 0.0, 0.0, 0.0, 0.0, 0.0, 0.0]"
GeoNameIdentifier,float32,213,292,1.0,169.6615554736041,296.0,89.31813454874536,"[277.0, 211.0, 53.0, 89.0, 240.0, 35.0, 167.0, 276.0, 267.0, 126.0]","[1531929, 423166, 408807, 360798, 346568, 345904, 339845, 296774, 215812, 198021]","[0.17, 0.05, 0.05, 0.04, 0.04, 0.04, 0.04, 0.03, 0.02, 0.02]"
LocaleEnglishNameIdentifier,int16,0,276,1.0,122.81607463691854,283.0,69.32125465899702,"[75, 182, 74, 42, 88, 171, 233, 227, 251, 124]","[2094585, 450088, 411056, 409616, 375223, 343615, 341279, 333102, 211841, 195088]","[0.23, 0.05, 0.05, 0.05, 0.04, 0.04, 0.04, 0.04, 0.02, 0.02]"
Platform,object,0,4,,,,,"['windows10', 'windows8', 'windows7', 'windows2016']","[8618715, 194508, 93889, 14371]","[0.97, 0.02, 0.01, 0.0]"
Processor,object,0,3,,,,,"['x64', 'x86', 'arm64']","[8105435, 815702, 346]","[0.91, 0.09, 0.0]"
OsVer,object,0,58,,,,,"['10.0.0.0', '6.3.0.0', '6.1.1.0', '6.1.0.0', '10.0.3.0', '10.0.1.0', '6.1.3.0', '10.0.2.0', '6.3.3.0', '10.0.32.72']","[8632545, 194447, 93268, 582, 225, 141, 30, 30, 24, 23]","[0.97, 0.02, 0.01, 0.0, 0.0, 0.0, 0.0, 0.0, 0.0, 0.0]"
OsBuild,int16,0,76,7600.0,15719.96770357574,18244.0,2190.685126486143,"[17134, 16299, 15063, 14393, 10586, 10240, 9600, 7601, 17692, 17738]","[3915521, 2503681, 780270, 730819, 411606, 270192, 194508, 93306, 3184, 2478]","[0.44, 0.28, 0.09, 0.08, 0.05, 0.03, 0.02, 0.01, 0.0, 0.0]"
OsSuite,int16,0,14,16.0,575.1533621708409,784.0,248.0846584075009,"[768, 256, 272, 400, 16, 305, 784, 274, 144, 49]","[5560661, 3346251, 12092, 793, 731, 662, 198, 39, 34, 17]","[0.62, 0.38, 0.0, 0.0, 0.0, 0.0, 0.0, 0.0, 0.0, 0.0]"
OsPlatformSubRelease,object,0,9,,,,,"['rs4', 'rs3', 'rs2', 'rs1', 'th2', 'th1', 'windows8.1', 'windows7', 'prers5']","[3915526, 2503681, 780270, 730819, 411606, 270192, 194508, 93889, 20992]","[0.44, 0.28, 0.09, 0.08, 0.05, 0.03, 0.02, 0.01, 0.0]"
OsBuildLab,object,21,663,,,,,"['17134.1.amd64fre.rs4_release.180410-1804', '16299.431.amd64fre.rs3_release_svc_escrow.180502-1908', '16299.15.amd64fre.rs3_release.170928-1534', '15063.0.amd64fre.rs2_release.170317-1834', '17134.1.x86fre.rs4_release.180410-1804', '16299.15.x86fre.rs3_release.170928-1534', '14393.2189.amd64fre.rs1_release.180329-1711', '10240.17443.amd64fre.th1.170602-2340', '10586.1176.amd64fre.th2_release_sec.170913-1848', '15063.0.x86fre.rs2_release.170317-1834']","[3658199, 1252674, 961060, 718033, 257074, 233449, 193636, 171990, 148259, 62237]","[0.41, 0.14, 0.11, 0.08, 0.03, 0.03, 0.02, 0.02, 0.02, 0.01]"
SkuEdition,object,0,8,,,,,"['Home', 'Pro', 'Invalid', 'Education', 'Enterprise', 'Enterprise LTSB', 'Cloud', 'Server']","[5514341, 3224164, 78054, 40694, 34357, 20702, 5589, 3582]","[0.62, 0.36, 0.01, 0.0, 0.0, 0.0, 0.0, 0.0]"
IsProtected,float32,36044,2,0.0,0.9456237333912259,1.0,0.22675866914585624,"[1.0, 0.0]","[8402282, 483157]","[0.94, 0.05]"
AutoSampleOptIn,int8,0,2,0.0,2.8918958877128388e-05,1.0,0.005377557606806078,"[0, 1]","[8921225, 258]","[1.0, 0.0]"
PuaMode,object,8919174,2,,,,,"['on', 'audit']","[2307, 2]","[0.0, 0.0]"
SMode,float32,537759,2,0.0,0.00046292077363233806,1.0,0.02151061442967104,"[0.0, 1.0]","[8379843, 3881]","[0.94, 0.0]"
IeVerIdentifier,float32,58894,303,1.0,126.5760229883164,429.0,42.6777775667633,"[137.0, 117.0, 108.0, 111.0, 98.0, 135.0, 53.0, 74.0, 94.0, 105.0]","[3885842, 1767931, 474390, 467828, 354411, 217458, 204952, 202542, 173593, 173448]","[0.44, 0.2, 0.05, 0.05, 0.04, 0.02, 0.02, 0.02, 0.02, 0.02]"
SmartScreen,object,3177011,21,,,,,"['RequireAdmin', 'ExistsNotSet', 'Off', 'Warn', 'Prompt', 'Block', 'off', 'On', '&#x02;', '&#x01;']","[4316183, 1046183, 186553, 135483, 34533, 22533, 1350, 731, 416, 335]","[0.48, 0.12, 0.02, 0.02, 0.0, 0.0, 0.0, 0.0, 0.0, 0.0]"
Firewall,float32,91350,2,0.0,0.978582542301458,1.0,0.1447713803687407,"[1.0, 0.0]","[8641014, 189119]","[0.97, 0.02]"
UacLuaenable,float32,10838,11,0.0,13.027731101396139,16777216.0,9867.770219143333,"[1.0, 0.0, 48.0, 2.0, 49.0, 6357062.0, 3.0, 5.0, 16777216.0, 7798884.0]","[8856517, 53851, 206, 30, 17, 13, 6, 2, 1, 1]","[0.99, 0.01, 0.0, 0.0, 0.0, 0.0, 0.0, 0.0, 0.0, 0.0]"
Census_MDC2FormFactor,object,0,13,,,,,"['Notebook', 'Desktop', 'Convertible', 'Detachable', 'AllInOne', 'PCOther', 'LargeTablet', 'SmallTablet', 'SmallServer', 'MediumServer']","[5723319, 1951086, 405378, 298233, 292077, 139955, 67121, 31393, 8630, 3385]","[0.64, 0.22, 0.05, 0.03, 0.03, 0.02, 0.01, 0.0, 0.0, 0.0]"
Census_DeviceFamily,object,0,3,,,,,"['Windows.Desktop', 'Windows.Server', 'Windows']","[8907053, 14410, 20]","[1.0, 0.0, 0.0]"
Census_OEMNameIdentifier,float32,95478,3832,1.0,2220.1664807577154,6145.0,1315.712807989306,"[2668.0, 2102.0, 1443.0, 2206.0, 585.0, 525.0, 4589.0, 4730.0, 1980.0, 4142.0]","[1287275, 1038567, 949531, 924349, 895452, 842364, 310701, 304102, 285600, 200036]","[0.14, 0.12, 0.11, 0.1, 0.1, 0.09, 0.03, 0.03, 0.03, 0.02]"
Census_OEMModelIdentifier,float32,102233,175365,1.0,239142.39517997563,345498.0,71947.85727487791,"[313586.0, 242491.0, 317701.0, 317708.0, 228975.0, 188345.0, 245824.0, 241876.0, 244755.0, 248045.0]","[304782, 263382, 139035, 115257, 79878, 70950, 69529, 68263, 49630, 43757]","[0.03, 0.03, 0.02, 0.01, 0.01, 0.01, 0.01, 0.01, 0.01, 0.0]"
Census_ProcessorCoreCount,float32,41306,45,1.0,3.9896955882748735,192.0,2.0825534065347933,"[4.0, 2.0, 8.0, 12.0, 1.0, 6.0, 16.0, 3.0, 32.0, 24.0]","[5430193, 2311969, 865004, 92702, 70390, 69910, 18551, 13580, 2136, 1847]","[0.61, 0.26, 0.1, 0.01, 0.01, 0.01, 0.0, 0.0, 0.0, 0.0]"
Census_ProcessorManufacturerIdentifier,float32,41313,7,1.0,4.53155131039158,10.0,1.2868469463454069,"[5.0, 1.0, 10.0, 3.0, 9.0, 7.0, 4.0]","[7839318, 1040292, 339, 218, 1, 1, 1]","[0.88, 0.12, 0.0, 0.0, 0.0, 0.0, 0.0]"
Census_ProcessorModelIdentifier,float32,41343,3428,2.0,2371.2717881700064,4479.0,840.6009142411945,"[2697.0, 1998.0, 2660.0, 2373.0, 1992.0, 2382.0, 2640.0, 1985.0, 2097.0, 1848.0]","[289283, 267397, 191392, 175407, 171728, 170651, 153719, 135682, 132299, 124533]","[0.03, 0.03, 0.02, 0.02, 0.02, 0.02, 0.02, 0.02, 0.01, 0.01]"
Census_ProcessorClass,object,8884852,3,,,,,"['mid', 'low', 'high']","[20914, 9621, 6096]","[0.0, 0.0, 0.0]"
Census_PrimaryDiskTotalCapacity,float32,53016,5735,0.0,3089052.9618153847,8160436813824.0,4451634189.340272,"[476940.0, 953869.0, 305245.0, 122104.0, 244198.0, 238475.0, 29820.0, 114473.0, 715404.0, 228936.0]","[2841530, 2175780, 474616, 469060, 452284, 312093, 303493, 259542, 245946, 159491]","[0.32, 0.24, 0.05, 0.05, 0.05, 0.03, 0.03, 0.03, 0.03, 0.02]"
Census_PrimaryDiskTypeName,object,12844,4,,,,,"['HDD', 'SSD', 'UNKNOWN', 'Unspecified']","[5806804, 2466808, 358251, 276776]","[0.65, 0.28, 0.04, 0.03]"
Census_SystemVolumeTotalCapacity,float32,53002,536848,0.0,377368.2985990498,47687100.0,325879.0613736826,"[28542.0, 926992.0, 476389.0, 953253.0, 102400.0, 476324.0, 952728.0, 476323.0, 475799.0, 952727.0]","[51998, 50430, 44435, 41572, 41257, 40925, 38251, 35410, 33723, 33714]","[0.01, 0.01, 0.0, 0.0, 0.0, 0.0, 0.0, 0.0, 0.0, 0.0]"
Census_HasOpticalDiskDrive,int8,0,2,0.0,0.07718727928977727,1.0,0.26688838714947205,"[0, 1]","[8232858, 688625]","[0.92, 0.08]"
Census_TotalPhysicalRAM,float32,80533,3446,255.0,6115.260793919206,1572864.0,5115.820684716662,"[4096.0, 8192.0, 2048.0, 16384.0, 6144.0, 12288.0, 3072.0, 1024.0, 32768.0, 24576.0]","[4094512, 2196505, 1097474, 531558, 398671, 159894, 152070, 66054, 58107, 11572]","[0.46, 0.25, 0.12, 0.06, 0.04, 0.02, 0.02, 0.01, 0.01, 0.0]"
Census_ChassisTypeName,object,623,52,,,,,"['Notebook', 'Desktop', 'Laptop', 'Portable', 'AllinOne', 'MiniTower', 'Convertible', 'Other', 'UNKNOWN', 'Detachable']","[5248812, 1872125, 685581, 360903, 204295, 85127, 84472, 75782, 67212, 51466]","[0.59, 0.21, 0.08, 0.04, 0.02, 0.01, 0.01, 0.01, 0.01, 0.01]"
Census_InternalPrimaryDiagonalDisplaySizeInInches,float32,47134,785,0.699999988079071,16.67619448168336,182.3000030517578,5.892932244156781,"[15.5, 13.899999618530273, 14.0, 11.600000381469727, 21.5, 13.300000190734863, 18.5, 13.199999809265137, 23.0, 15.600000381469727]","[3047431, 952078, 542450, 319376, 275337, 243794, 213119, 206897, 190656, 180426]","[0.34, 0.11, 0.06, 0.04, 0.03, 0.03, 0.02, 0.02, 0.02, 0.02]"
Census_InternalPrimaryDisplayResolutionHorizontal,float32,46986,2180,-1.0,1547.7162665106541,12288.0,368.3715564011875,"[1366.0, 1920.0, 1280.0, 1600.0, 1024.0, 1440.0, 1360.0, 1680.0, 2560.0, 2736.0]","[4515064, 2220648, 527430, 501288, 342620, 167131, 128010, 109716, 70120, 57640]","[0.51, 0.25, 0.06, 0.06, 0.04, 0.02, 0.01, 0.01, 0.01, 0.01]"
Census_InternalPrimaryDisplayResolutionVertical,float32,46986,1560,-1.0,897.5707142613265,8640.0,214.6238733272126,"[768.0, 1080.0, 900.0, 800.0, 1024.0, 1050.0, 1440.0, 1200.0, 600.0, 1824.0]","[4973621, 2148402, 655155, 262058, 186322, 112220, 81251, 79397, 63806, 57630]","[0.56, 0.24, 0.07, 0.03, 0.02, 0.01, 0.01, 0.01, 0.01, 0.01]"
Census_PowerPlatformRoleName,object,55,10,,,,,"['Mobile', 'Desktop', 'Slate', 'Workstation', 'SOHOServer', 'UNKNOWN', 'EnterpriseServer', 'AppliancePC', 'PerformanceServer', 'Unspecified']","[6182908, 2066620, 492537, 109683, 37841, 20628, 7094, 4015, 97, 5]","[0.69, 0.23, 0.06, 0.01, 0.0, 0.0, 0.0, 0.0, 0.0, 0.0]"
Census_InternalBatteryType,object,6338429,78,,,,,"['lion', 'li-i', '#', 'lip', 'liio', 'li p', 'li', 'nimh', 'real', 'bq20']","[2028256, 245617, 183998, 62099, 32635, 8383, 6708, 4614, 2744, 2302]","[0.23, 0.03, 0.02, 0.01, 0.0, 0.0, 0.0, 0.0, 0.0, 0.0]"
Census_InternalBatteryNumberOfCharges,float32,268755,41087,0.0,1123781812.9150147,4294967296.0,1887781703.499118,"[0.0, 4294967296.0, 1.0, 2.0, 16.0, 3.0, 33.0, 4.0, 5.0, 6.0]","[5053404, 2263993, 53810, 28128, 27348, 21537, 19723, 18020, 16190, 14472]","[0.57, 0.25, 0.01, 0.0, 0.0, 0.0, 0.0, 0.0, 0.0, 0.0]"
Census_OSVersion,object,0,469,,,,,"['10.0.17134.228', '10.0.17134.165', '10.0.16299.431', '10.0.17134.285', '10.0.16299.547', '10.0.17134.112', '10.0.16299.371', '10.0.17134.191', '10.0.14393.2189', '10.0.16299.611']","[1413627, 899711, 546546, 470280, 346853, 346410, 325267, 228254, 223775, 216776]","[0.16, 0.1, 0.06, 0.05, 0.04, 0.04, 0.04, 0.03, 0.03, 0.02]"
Census_OSArchitecture,object,0,3,,,,,"['amd64', 'x86', 'arm64']","[8105885, 815252, 346]","[0.91, 0.09, 0.0]"
Census_OSBranch,object,0,32,,,,,"['rs4_release', 'rs3_release', 'rs3_release_svc_escrow', 'rs2_release', 'rs1_release', 'th2_release', 'th2_release_sec', 'th1_st1', 'th1', 'rs5_release']","[4009158, 1237321, 1199767, 797066, 785534, 326655, 266882, 195840, 75764, 15324]","[0.45, 0.14, 0.13, 0.09, 0.09, 0.04, 0.03, 0.02, 0.01, 0.0]"
Census_OSBuildNumber,int16,0,165,7600.0,15834.830069395413,18244.0,1961.7429250959706,"[17134, 16299, 15063, 14393, 10586, 10240, 17692, 17738, 17744, 17758]","[4008881, 2443249, 797049, 785450, 593527, 271604, 3096, 3062, 2372, 1703]","[0.45, 0.27, 0.09, 0.09, 0.07, 0.03, 0.0, 0.0, 0.0, 0.0]"
Census_OSBuildRevision,int32,0,285,0.0,973.0490141605381,41736.0,2931.970901147602,"[228, 165, 431, 285, 547, 112, 371, 191, 2189, 611]","[1413633, 899712, 546548, 470280, 346853, 346488, 325267, 228255, 223775, 216776]","[0.16, 0.1, 0.06, 0.05, 0.04, 0.04, 0.04, 0.03, 0.03, 0.02]"
Census_OSEdition,object,0,33,,,,,"['Core', 'Professional', 'CoreSingleLanguage', 'CoreCountrySpecific', 'ProfessionalEducation', 'Education', 'Enterprise', 'ProfessionalN', 'EnterpriseS', 'ServerStandard']","[3469991, 3130566, 1945461, 166100, 56698, 40704, 35603, 28341, 20020, 10128]","[0.39, 0.35, 0.22, 0.02, 0.01, 0.0, 0.0, 0.0, 0.0, 0.0]"
Census_OSSkuName,object,0,30,,,,,"['CORE', 'PROFESSIONAL', 'CORE_SINGLELANGUAGE', 'CORE_COUNTRYSPECIFIC', 'EDUCATION', 'ENTERPRISE', 'PROFESSIONAL_N', 'ENTERPRISE_S', 'STANDARD_SERVER', 'CLOUD']","[3469869, 3187913, 1945133, 165886, 40827, 35602, 28522, 20022, 10128, 6167]","[0.39, 0.36, 0.22, 0.02, 0.0, 0.0, 0.0, 0.0, 0.0, 0.0]"
Census_OSInstallTypeName,object,0,9,,,,,"['UUPUpgrade', 'IBSClean', 'Update', 'Upgrade', 'Other', 'Reset', 'Refresh', 'Clean', 'CleanPCRefresh']","[2608037, 1650733, 1593308, 1251559, 840121, 649201, 205842, 69073, 53609]","[0.29, 0.19, 0.18, 0.14, 0.09, 0.07, 0.02, 0.01, 0.01]"
Census_OSInstallLanguageIdentifier,float32,60084,39,1.0,14.610381498451881,39.0,10.200135572313942,"[8.0, 9.0, 7.0, 29.0, 14.0, 37.0, 10.0, 26.0, 5.0, 35.0]","[3179262, 1034201, 512753, 492267, 432503, 403190, 366636, 334766, 252887, 204832]","[0.36, 0.12, 0.06, 0.06, 0.05, 0.05, 0.04, 0.04, 0.03, 0.02]"
Census_OSUILocaleIdentifier,int16,0,147,1.0,60.465335751914786,162.0,44.999921567986576,"[31, 34, 30, 125, 49, 158, 35, 119, 26, 148]","[3170824, 1040042, 513995, 498236, 436691, 408118, 377071, 337988, 252863, 206854]","[0.36, 0.12, 0.06, 0.06, 0.05, 0.05, 0.04, 0.04, 0.03, 0.02]"
Census_OSWUAutoUpdateOptionsName,object,0,6,,,,,"['FullAuto', 'UNKNOWN', 'Notify', 'AutoInstallAndRebootAtMaintenanceTime', 'Off', 'DownloadNotify']","[3954497, 2519925, 2034254, 371475, 26961, 14371]","[0.44, 0.28, 0.23, 0.04, 0.0, 0.0]"
Census_IsPortableOperatingSystem,int8,0,2,0.0,0.0005452008371253972,1.0,0.02334317146744813,"[0, 1]","[8916619, 4864]","[1.0, 0.0]"
Census_GenuineStateName,object,0,5,,,,,"['IS_GENUINE', 'INVALID_LICENSE', 'OFFLINE', 'UNKNOWN', 'TAMPERED']","[7877597, 801692, 228366, 13826, 2]","[0.88, 0.09, 0.03, 0.0, 0.0]"
Census_ActivationChannel,object,0,6,,,,,"['Retail', 'OEM:DM', 'Volume:GVLK', 'OEM:NONSLP', 'Volume:MAK', 'Retail:TB:Eval']","[4727589, 3413350, 450954, 317980, 8028, 3582]","[0.53, 0.38, 0.05, 0.04, 0.0, 0.0]"
Census_IsFlightingInternal,float32,7408759,2,0.0,1.3882241572157247e-05,1.0,0.003725863394252353,"[0.0, 1.0]","[1512703, 21]","[0.17, 0.0]"
Census_IsFlightsDisabled,float32,160523,2,0.0,1.0044561326612608e-05,1.0,0.003169299856448092,"[0.0, 1.0]","[8760872, 88]","[0.98, 0.0]"
Census_FlightRing,object,0,10,,,,,"['Retail', 'NOT_SET', 'Unknown', 'WIS', 'WIF', 'RP', 'Disabled', 'OSG', 'Canary', 'Invalid']","[8355679, 287803, 243438, 10648, 10322, 9860, 3722, 7, 3, 1]","[0.94, 0.03, 0.03, 0.0, 0.0, 0.0, 0.0, 0.0, 0.0, 0.0]"
Census_ThresholdOptIn,float32,5667325,2,0.0,0.00025075610956812794,1.0,0.015833297444289577,"[0.0, 1.0]","[3253342, 816]","[0.36, 0.0]"
Census_FirmwareManufacturerIdentifier,float32,183257,712,2.0,402.8799588154392,1092.0,221.65281774131202,"[142.0, 628.0, 554.0, 355.0, 556.0, 500.0, 93.0, 807.0, 513.0, 127.0]","[2699078, 1229140, 1175137, 941793, 800536, 385327, 192481, 157172, 142388, 123667]","[0.3, 0.14, 0.13, 0.11, 0.09, 0.04, 0.02, 0.02, 0.02, 0.01]"
Census_FirmwareVersionIdentifier,float32,160133,50494,3.0,33027.92472541332,72105.0,21206.91435299744,"[33105.0, 33111.0, 33054.0, 33108.0, 11778.0, 63175.0, 33115.0, 63155.0, 33060.0, 19970.0]","[89611, 61583, 56626, 55040, 53785, 52504, 50972, 49074, 48587, 46679]","[0.01, 0.01, 0.01, 0.01, 0.01, 0.01, 0.01, 0.01, 0.01, 0.01]"
Census_IsSecureBootEnabled,int8,0,2,0.0,0.4860228955208456,1.0,0.4998046303968445,"[0, 1]","[4585438, 4336045]","[0.51, 0.49]"
Census_IsWIMBootEnabled,float32,5659703,2,0.0,3.0658106923213705e-07,1.0,0.0005536976334028647,"[0.0, 1.0]","[3261779, 1]","[0.37, 0.0]"
Census_IsVirtualDevice,float32,15953,2,0.0,0.007039446276639346,1.0,0.08360558150031254,"[0.0, 1.0]","[8842840, 62690]","[0.99, 0.01]"
Census_IsTouchEnabled,int8,0,2,0.0,0.12554314120197282,1.0,0.33133377915888157,"[0, 1]","[7801452, 1120031]","[0.87, 0.13]"
Census_IsPenCapable,int8,0,2,0.0,0.03807091264983636,1.0,0.1913675060295736,"[0, 1]","[8581834, 339649]","[0.96, 0.04]"
Census_IsAlwaysOnAlwaysConnectedCapable,float32,71343,2,0.0,0.05741920466794875,1.0,0.232641883010494,"[0.0, 1.0]","[8341972, 508168]","[0.94, 0.06]"
Wdft_IsGamer,float32,303451,2,0.0,0.28357854786336373,1.0,0.4507347097870795,"[0.0, 1.0]","[6174143, 2443889]","[0.69, 0.27]"
Wdft_RegionIdentifier,float32,303451,15,1.0,7.883564600363517,15.0,4.550120864432397,"[10.0, 11.0, 3.0, 1.0, 15.0, 7.0, 8.0, 13.0, 5.0, 12.0]","[1800105, 1347828, 1295892, 1232258, 1017591, 597297, 276029, 225130, 205372, 163711]","[0.2, 0.15, 0.15, 0.14, 0.11, 0.07, 0.03, 0.03, 0.02, 0.02]"
HasDetections,int8,0,2,0.0,0.49979269141688665,1.0,0.4999999850243285,"[0, 1]","[4462591, 4458892]","[0.5, 0.5]"
