feature,split,gain,total
SmartScreen,0.16819645732689212,1.0,1.1681964573268921
CityIdentifier_freq,1.0,0.10014021874963634,1.1001402187496363
monitor_dims,0.8222758990874933,0.19215198917559856,1.014427888263092
AVProductStatesIdentifier_freq,0.37455716586151366,0.6061047693883144,0.980661935249828
Census_FirmwareVersionIdentifier_freq,0.7703435319377349,0.07063888762007746,0.8409824195578123
non_primary_drive_MB,0.6455716586151369,0.10072875094518899,0.7463004095603258
Census_OEMModelIdentifier_freq,0.6788513150831992,0.06435238933128955,0.7432037044144887
Census_SystemVolumeTotalCapacity,0.6728395061728395,0.0680264101863624,0.7408659163592018
CityIdentifier,0.645330112721417,0.06094109869513008,0.7062712114165471
CityIdentifier_AV,0.6257112184648417,0.058063073498842224,0.6837742919636839
primary_drive_c_ratio,0.6077563070316694,0.06543393603995735,0.6731902430716268
Census_FirmwareVersionIdentifier,0.6022275899087494,0.053452894535348856,0.6556804844440982
Census_ProcessorModelIdentifier_freq,0.5868223295759528,0.054970090198817365,0.6417924197747702
AVProductStatesIdentifier,0.43762748255501877,0.1943875419483278,0.6320150245033466
Census_FirmwareVersionIdentifier_AV,0.567283950617284,0.05424916273674548,0.6215331133540295
Census_OEMModelIdentifier,0.5513419216317768,0.057728111329007244,0.609070032960784
CountryIdentifier_freq,0.5001878690284487,0.10205303429324054,0.6022409033216892
new_num_1,0.4312936124530327,0.1489097458339329,0.5802033582869657
Census_ProcessorModelIdentifier,0.49269994632313474,0.08475775357886631,0.577457699902001
Census_ProcessorModelIdentifier_AV,0.516532474503489,0.05525783467025544,0.5717903091737445
Census_OSBuildRevision_freq,0.45112721417069246,0.10901834751530438,0.5601455616859968
SmartScreen_freq,0.187385936661299,0.3461504537764709,0.5335363904377699
Census_OEMModelIdentifier_AV,0.46776704240472355,0.05938078592794979,0.5271478283326734
AppVersion_2,0.25171765968867416,0.2745232879065776,0.5262409475952518
Census_OSBuildRevision_AV,0.42860976918947935,0.06649657074652604,0.4951063399360054
AVProductStatesIdentifier_AV,0.2729736983360172,0.20690061487094089,0.47987431320695806
new_num_0,0.4364197530864197,0.04334737577499755,0.47976712886141726
CountryIdentifier_AV,0.39436392914653784,0.06316850656671963,0.45753243571325747
Census_OSBuildRevision,0.40099302200751474,0.049730613379414805,0.45072363538692956
CountryIdentifier,0.3591519055287171,0.06723605294521705,0.4263879584739342
dpi,0.34090177133655397,0.03299329941190715,0.3738950707484611
Wdft_RegionIdentifier_freq,0.278341384863124,0.08483106946726347,0.3631724543303875
GeoNameIdentifier_freq,0.3239398819108964,0.03489932463646829,0.3588392065473647
Census_TotalPhysicalRAM,0.19216317767042404,0.1647547304510549,0.35691790812147894
Census_OEMNameIdentifier_freq,0.3205314009661836,0.03193654655737999,0.3524679475235636
Census_PrimaryDiskTotalCapacity,0.2561996779388084,0.07497729638051445,0.3311769743193228
LocaleEnglishNameIdentifier_freq,0.29490069779924855,0.03382194713893016,0.3287226449381787
GeoNameIdentifier_AV,0.2904723564143854,0.03145038738369871,0.3219227437980841
Census_InternalBatteryNumberOfCharges,0.27249060654857754,0.0428386117744484,0.31532921832302596
Census_OSInstallTypeName_freq,0.21744498121309716,0.08478619628269217,0.3022311774957893
EngineVersion_2,0.09884594739667203,0.19600814228577526,0.2948540896824473
Screen_Area,0.24342458400429415,0.0452867066340273,0.28871129063832146
GeoNameIdentifier,0.2466183574879227,0.030878605048929263,0.27749696253685197
LocaleEnglishNameIdentifier_AV,0.24618894256575416,0.025193419428720477,0.27138236199447463
Census_InternalPrimaryDiagonalDisplaySizeInInches,0.21940418679549115,0.045696186468440515,0.26510037326393165
Census_OEMNameIdentifier,0.23209876543209876,0.02948441057582661,0.26158317600792536
IeVerIdentifier_freq,0.2201556629092861,0.03402640841609281,0.2541820713253789
LocaleEnglishNameIdentifier,0.22436929683306495,0.026533103775314617,0.25090240060837954
Census_OEMNameIdentifier_AV,0.22045088566827697,0.029830530639898073,0.250281416308175
AppVersion_1,0.14318303811057434,0.10345331657093375,0.24663635468150807
Census_FirmwareManufacturerIdentifier_freq,0.21956521739130436,0.02574842564595786,0.24531364303726222
Census_OSInstallLanguageIdentifier_freq,0.2001610305958132,0.02385966980128925,0.22402070039710245
OsBuildLab_AV,0.19468599033816425,0.02678965016169412,0.22147564049985838
ram_per_processor,0.20265700483091786,0.017695970119916225,0.22035297495083409
Census_OSInstallTypeName,0.15679012345679014,0.04985356245819822,0.20664368591498836
Wdft_RegionIdentifier,0.16556629092860978,0.03824560111352946,0.20381189204213923
Census_OSInstallTypeName_AV,0.15034889962426196,0.05169039913392815,0.2020392987581901
OsBuildLab,0.18250134192163178,0.01786454265294845,0.20036588457458024
OsBuildLab_freq,0.16470746108427267,0.028542645769137828,0.19325010685341049
OrganizationIdentifier_freq,0.17074610842726784,0.017015266674691255,0.1877613751019591
Wdft_IsGamer,0.08231347289318304,0.0916689653713445,0.17398243826452753
Census_FirmwareManufacturerIdentifier_AV,0.15254965110037574,0.019108103186859553,0.1716577542872353
IeVerIdentifier_AV,0.1525228126677402,0.018987650600935522,0.17151046326867572
Census_OSUILocaleIdentifier_freq,0.14777241009125067,0.018889040460141265,0.16666145055139192
Wdft_RegionIdentifier_AV,0.14312936124530326,0.018915282762723314,0.16204464400802657
IeVerIdentifier,0.13939881910896404,0.01781752090255192,0.15721634001151596
Census_FirmwareManufacturerIdentifier,0.14176060118089104,0.013516642878600075,0.15527724405949112
Census_OSUILocaleIdentifier_AV,0.12836822329575953,0.021842037607435763,0.15021026090319528
DefaultBrowsersIdentifier_freq,0.12093397745571659,0.023295895299219542,0.14422987275493612
dpi_square,0.12552334943639293,0.013677988256058328,0.13920133769245124
Census_OSInstallLanguageIdentifier,0.1166935050993022,0.01692903601934381,0.133622541118646
Census_OSInstallLanguageIdentifier_AV,0.11414385399892646,0.016705534867080252,0.13084938886600672
Census_OSUILocaleIdentifier,0.10719269994632313,0.02332097726507057,0.1305136772113937
Census_ActivationChannel,0.09205582393988192,0.036544099281875735,0.12859992322175764
OsBuildLab_1_AV,0.11234567901234568,0.014649145115610131,0.12699482412795582
OsBuildLab_1,0.10877616747181965,0.014408021182593706,0.12318418865441336
OsBuildLab_1_freq,0.10622651637144391,0.014615382165667755,0.12084189853711166
OrganizationIdentifier,0.10413311862587225,0.010393297095696297,0.11452641572156855
AVProductsInstalled,0.05896403650026839,0.0532522789804315,0.11221631548069988
Census_ChassisTypeName_freq,0.09946323134728932,0.010859118826330644,0.11032235017361997
Census_OSWUAutoUpdateOptionsName,0.09146537842190017,0.015082064921909936,0.10654744334381011
OrganizationIdentifier_AV,0.08107890499194848,0.008804230905341047,0.08988313589728952
OsBuildLab_3_AV,0.07399355877616748,0.012042336821393811,0.0860358955975613
Census_OSWUAutoUpdateOptionsName_freq,0.07442297369833602,0.011448244259482054,0.08587121795781807
DefaultBrowsersIdentifier,0.0734567901234568,0.01164986157880567,0.08510665170226246
Census_InternalBatteryType_freq,0.07447665056360708,0.006817039273784948,0.08129368983739203
Census_ActivationChannel_freq,0.06422436929683306,0.017050707088814,0.08127507638564706
Census_GenuineStateName,0.06468062265163714,0.012049114361951519,0.07672973701358866
Census_ActivationChannel_AV,0.05080515297906602,0.02500815662274299,0.07581330960180901
Census_ChassisTypeName_AV,0.06728395061728396,0.008457841038532941,0.0757417916558169
DefaultBrowsersIdentifier_AV,0.0644927536231884,0.009430203720848405,0.07392295734403681
RtpStateBitfield_freq,0.050966183574879226,0.02288637738400826,0.07385256095888748
Census_OSEdition,0.06521739130434782,0.007413133966047464,0.07263052527039529
OsBuildLab_3_freq,0.05966183574879227,0.008017615632348998,0.06767945138114126
Census_OSWUAutoUpdateOptionsName_AV,0.054428341384863126,0.011542710836132947,0.06597105222099607
Census_ChassisTypeName,0.05775630703166935,0.007982816578903625,0.06573912361057298
aspect_ratio,0.05794417606011809,0.005902206514852969,0.06384638257497106
Census_InternalPrimaryDisplayResolutionHorizontal,0.0572463768115942,0.005983693727648314,0.06323007053924251
AVProductsInstalled_freq,0.029227053140096618,0.03069283228764931,0.05991988542774593
Census_PrimaryDiskTypeName,0.049436392914653786,0.0083768987515984,0.05781329166625219
Census_OSBranch_AV,0.05053676865271068,0.007196663624464541,0.05773343227717522
RtpStateBitfield,0.03647342995169082,0.02022533169745192,0.05669876164914274
Census_InternalPrimaryDisplayResolutionVertical,0.0498389694041868,0.004431009933916096,0.054269979338102896
MegaPixels,0.04712828770799785,0.004576568681610014,0.05170485638960787
Census_PrimaryDiskTypeName_freq,0.04685990338164251,0.004800842834687646,0.051660746216330156
Census_OSSkuName_freq,0.04594739667203435,0.005018033521029962,0.050965430193064314
Census_OSBranch,0.045732689210950084,0.004957600276622262,0.05069028948757234
Census_OSEdition_freq,0.04350509930220075,0.006063679561264688,0.04956877886346544
Census_MDC2FormFactor,0.04044551798174987,0.008937682513942516,0.049383200495692385
OsBuildLab_3,0.042860976918947934,0.006217362225123353,0.04907833914407129
Census_OSBranch_freq,0.038942565754159955,0.009876946888139228,0.04881951264229918
Census_OSSkuName_AV,0.0414922168545357,0.007321516191725021,0.048813733046260716
Census_InternalBatteryType,0.044310252281266775,0.004405994204632797,0.048716246485899575
Census_HasOpticalDiskDrive,0.03475577026301664,0.012952543128606582,0.04770831339162322
Census_OSEdition_AV,0.029924852388620506,0.017309038299177914,0.047233890687798416
Census_ProcessorCoreCount,0.042028985507246375,0.004010796575211637,0.046039782082458014
SMode,0.026435856146001073,0.018858859517352767,0.04529471566335384
Wdft_IsGamer_freq,0.02404723564143854,0.01933473057838958,0.04338196621982812
IsProtected,0.03285024154589372,0.009297622141993634,0.04214786368788735
Census_InternalBatteryType_AV,0.03781535158346753,0.0036445522415959057,0.041459903825063434
Census_MDC2FormFactor_freq,0.03604401502952228,0.00473697084261977,0.04078098587214205
Census_GenuineStateName_freq,0.03311862587224906,0.00720470400019802,0.040323329872447085
Census_OSBuildNumber_freq,0.03166935050993022,0.008582213053150985,0.04025156356308121
Census_IsSecureBootEnabled,0.034192163177670425,0.005673746229702694,0.03986590940737312
Census_FlightRing,0.03486312399355877,0.00476648505184798,0.03962960904540675
Census_IsFlightingInternal,0.03539989264626946,0.0038799858607709873,0.03927987850704044
Census_OSBuildNumber,0.03416532474503489,0.004424538979199916,0.038589863724234806
RtpStateBitfield_AV,0.023161567364465917,0.014453288460435774,0.03761485582490169
Census_MDC2FormFactor_AV,0.03258185721953838,0.004559697693073745,0.037141554912612125
Firewall,0.028502415458937197,0.006824803527014698,0.0353272189859519
OsPlatformSubRelease_freq,0.025925925925925925,0.007790572910168917,0.033716498836094844
Census_ThresholdOptIn,0.027563070316693507,0.0061155633062830225,0.03367863362297653
Census_PrimaryDiskTypeName_AV,0.029012345679012345,0.004224671738341458,0.033237017417353805
Census_OSSkuName,0.028985507246376812,0.003904672670097927,0.03289017991647474
OsBuild,0.028743961352657006,0.003519854212890974,0.03226381556554798
Census_FlightRing_freq,0.027079978529253892,0.005136180242351367,0.03221615877160526
OsPlatformSubRelease_AV,0.02654320987654321,0.005450816095020147,0.03199402597156336
SkuEdition,0.027241009125067096,0.004543466247195246,0.03178447537226234
SkuEdition_AV,0.024020397208803005,0.006002441045116512,0.030022838253919517
AVProductsEnabled_freq,0.023376274825550186,0.0054405162343697305,0.028816791059919918
Census_OSBuildNumber_AV,0.022624798711755233,0.0053361320564384845,0.02796093076819372
IsSxsPassiveMode,0.019216317767042405,0.008502745588143713,0.02771906335518612
Firewall_freq,0.02109500805152979,0.006119455306672768,0.02721446335820256
AVProductsEnabled,0.02227589908749329,0.0037925744344999212,0.02606847352199321
Census_PowerPlatformRoleName_freq,0.02117552334943639,0.0023160801004730894,0.02349160344990948
OsSuite,0.019484702093397744,0.002806299158335797,0.02229100125173354
Census_IsTouchEnabled,0.018625872249060656,0.003413408847657232,0.022039281096717888
Census_PowerPlatformRoleName,0.01859903381642512,0.002189380528708236,0.020788414345133354
SMode_freq,0.01129898013955985,0.009076562723594445,0.020375542863154295
Census_ProcessorManufacturerIdentifier,0.018464841653247452,0.0018881315359011515,0.020352973189148603
UacLuaenable_freq,0.01682769726247987,0.0035187284825348693,0.02034642574501474
Census_IsVirtualDevice_freq,0.010654857756307031,0.008165604182779403,0.018820461939086434
Census_IsWIMBootEnabled,0.016129898013955986,0.0025533177664774642,0.01868321578043345
Census_IsVirtualDevice,0.002227589908749329,0.01585160498877465,0.01807919489752398
Census_PowerPlatformRoleName_AV,0.015968867418142782,0.0016990767536433666,0.01766794417178615
IsProtected_freq,0.014868491680085883,0.002660941736786579,0.01752943341687246
Census_ProcessorManufacturerIdentifier_freq,0.014626945786366077,0.00233326006606016,0.016960205852426236
OsPlatformSubRelease,0.013607085346215781,0.0027622104766190474,0.016369295822834827
OsBuild_AV,0.01352657004830918,0.0027337912966854555,0.016260361344994635
Processor,0.010762211486849168,0.005239696052476906,0.016001907539326073
AVProductsInstalled_AV,0.008400429414922169,0.007136445565518367,0.015536874980440537
Wdft_IsGamer_AV,0.011808910359634998,0.0028960407016617737,0.01470495106129677
SkuEdition_freq,0.01247987117552335,0.002209657517629456,0.014689528693152806
Census_HasOpticalDiskDrive_freq,0.009205582393988191,0.004488625090127772,0.013694207484115963
OsBuild_freq,0.010896403650026839,0.0025609667251989634,0.013457370375225802
Census_FlightRing_AV,0.01097691894793344,0.0018158896218329486,0.01279280856976639
Census_IsPenCapable,0.010789049919484702,0.0018428656077140782,0.01263191552719878
Census_IsFlightingInternal_freq,0.011111111111111112,0.001156625596250496,0.012267736707361608
Census_GenuineStateName_AV,0.010198604401502952,0.002064243865284556,0.012262848266787509
Census_IsSecureBootEnabled_freq,0.009930220075147612,0.0017113154105980668,0.01164153548574568
Census_OSArchitecture,0.009151905528717122,0.0013216698226996882,0.010473575351416811
AVProductsEnabled_AV,0.007890499194847021,0.0018051036612462198,0.00969560285609324
IsSxsPassiveMode_freq,0.00676328502415459,0.0025362923909570344,0.009299577415111624
Census_ProcessorClass,0.007085346215780998,0.0021683731680072534,0.009253719383788252
Processor_freq,0.001932367149758454,0.0067848193487735,0.008717186498531954
Census_IsFlightsDisabled_freq,0.007648953301127214,0.0010296948727748514,0.008678648173902065
OsSuite_freq,0.007675791733762748,0.0009906891809487086,0.008666480914711457
Platform,0.0071390230810520665,0.0013073076413288112,0.008446330722380877
UacLuaenable_AV,0.007273215244229737,0.0009517824446344139,0.008224997688864151
Census_ProcessorClass_freq,0.007004830917874396,0.001032691314391982,0.008037522232266378
Census_ProcessorManufacturerIdentifier_AV,0.00703166935050993,0.0008267215800400021,0.007858390930549932
Census_IsTouchEnabled_freq,0.006038647342995169,0.0017152920888483776,0.007753939431843547
SMode_AV,0.003918411164787977,0.00331745929957361,0.007235870464361587
Census_ThresholdOptIn_freq,0.0055018786902844875,0.0015630788515808296,0.007064957541865317
UacLuaenable,0.005984970477724101,0.0006531004097355749,0.0066380708874596754
Census_IsAlwaysOnAlwaysConnectedCapable,0.005233494363929146,0.001006204254860776,0.006239698618789922
Census_IsAlwaysOnAlwaysConnectedCapable_freq,0.005528717122920021,0.000688936095896027,0.006217653218816049
OsBuildLab_0_AV,0.005018786902844874,0.0011198228366656733,0.006138609739510548
HasTpm,0.004347826086956522,0.001654984035839401,0.006002810122795923
OsBuildLab_0_freq,0.004804079441760601,0.001104639064776021,0.005908718506536622
OsBuildLab_2,0.0027643585614600106,0.002862964562951138,0.005627323124411148
IsProtected_AV,0.0045088566827697265,0.0007439128132230782,0.005252769495992805
OsVer,0.00440150295222759,0.0005564855558503528,0.0049579885080779425
OsBuildLab_0,0.004079441760601181,0.0006285091653316372,0.004707950925932818
Firewall_AV,0.003918411164787977,0.0006694615401321756,0.004587872704920152
Census_IsWIMBootEnabled_freq,0.0034353193773483627,0.000826994118273181,0.004262313495621544
PuaMode_freq,0.0029253891572732153,0.0012567220161334687,0.004182111173406684
Census_IsPenCapable_freq,0.0035963499731615674,0.00045450577918401783,0.004050855752345585
Census_IsSecureBootEnabled_AV,0.003515834675254965,0.0004159797355299281,0.003931814410784893
Census_HasOpticalDiskDrive_AV,0.002818035426731079,0.001053591026118527,0.003871626452849606
Census_OSArchitecture_freq,0.0030864197530864196,0.0006743136327767858,0.0037607333858632056
Census_IsFlightsDisabled_AV,0.0032474503488996243,0.0004732738592280227,0.003720724208127647
Census_IsFlightingInternal_AV,0.003193773483628556,0.00038479375280922785,0.003578567236437784
Census_IsPortableOperatingSystem,0.0030595813204508855,0.0004952322379899227,0.003554813558440808
OsBuildLab_2_freq,0.0008588298443370907,0.0022700705710413027,0.0031289004153783936
PuaMode,0.0022544283413848632,0.0008665504451276071,0.0031209787865124705
Platform_freq,0.0022544283413848632,0.0008508600707924609,0.0031052884121773243
OsVer_freq,0.002334943639291465,0.0006052169455430207,0.0029401605848344858
OsSuite_AV,0.002227589908749329,0.0006605045869757586,0.0028880944957250876
Census_ProcessorClass_AV,0.00249597423510467,0.0003862678380634949,0.002882242073168165
IsSxsPassiveMode_AV,0.0021470746108427268,0.0007032566560471038,0.0028503312668898308
Census_IsTouchEnabled_AV,0.0023081052066559315,0.000490683118005689,0.0027987883246616205
Census_OSArchitecture_AV,0.0021202361782071927,0.000447525496506083,0.0025677616747132757
HasTpm_freq,0.001610305958132045,0.0004284501043141545,0.0020387560624461998
Census_ThresholdOptIn_AV,0.0013150831991411702,0.0005273246342868535,0.0018424078334280238
Census_IsPortableOperatingSystem_freq,0.001610305958132045,0.0002174585997808876,0.0018277645579129326
Census_IsPenCapable_AV,0.0013955984970477724,0.00013974445257817483,0.0015353429496259472
Census_IsVirtualDevice_AV,0.0012077294685990338,0.0002664387552090505,0.0014741682238080841
Census_IsAlwaysOnAlwaysConnectedCapable_AV,0.0007783145464304884,0.0003737995494259366,0.001152114095856425
OsBuildLab_2_AV,0.0006441223832528181,0.0004675160700415811,0.0011116384532943993
Census_IsWIMBootEnabled_AV,0.0008319914117015567,0.0001755389329557826,0.0010075303446573393
OsVer_AV,0.0006709608158883522,0.00030201136553073695,0.0009729721814190891
Processor_AV,0.0006977992485238862,0.00013048897390711056,0.0008282882224309967
HasTpm_AV,0.00045625335480407945,0.00020962368080217693,0.0006658770356062564
Platform_AV,0.00042941492216854533,7.69128600383606e-05,0.0005063277822069059
Census_DeviceFamily,0.0003488996242619431,6.058715117970729e-05,0.0004094867754416504
PuaMode_AV,0.0003488996242619431,5.862117227906831e-05,0.0004075207965410114
Census_IsPortableOperatingSystem_AV,0.0002952227589908749,3.611831477264313e-05,0.00033134107376351805
ProductName,0.00013419216317767042,1.6274324484051943e-05,0.00015046648766172237
IsBeta,0.00013419216317767042,6.596808547545606e-06,0.00014078897172521603
Census_IsFlightsDisabled,0.00010735373054213633,1.7288494177790666e-05,0.000124642224719927
ProductName_freq,8.051529790660226e-05,9.130415470570624e-06,8.964571337717289e-05
Census_DeviceFamily_freq,5.367686527106817e-05,4.430467467903097e-06,5.810733273897126e-05
ProductName_AV,2.6838432635534083e-05,1.6003733885257343e-06,2.8438806024059818e-05
IsBeta_AV,0.0,0.0,0.0
IsBeta_freq,0.0,0.0,0.0
AutoSampleOptIn_freq,0.0,0.0,0.0
Census_DeviceFamily_AV,0.0,0.0,0.0
AutoSampleOptIn,0.0,0.0,0.0
AutoSampleOptIn_AV,0.0,0.0,0.0
f002_ProductName,,,
f002_DefaultBrowsersIdentifier,,,
f002_AVProductStatesIdentifier,,,
f002_CountryIdentifier,,,
f002_CityIdentifier,,,
f002_OrganizationIdentifier,,,
f002_GeoNameIdentifier,,,
f002_LocaleEnglishNameIdentifier,,,
f002_Platform,,,
f002_Processor,,,
f002_OsVer,,,
f002_OsPlatformSubRelease,,,
f002_OsBuildLab,,,
f002_SkuEdition,,,
f002_IeVerIdentifier,,,
f002_SmartScreen,,,
f002_Census_MDC2FormFactor,,,
f002_Census_DeviceFamily,,,
f002_Census_OEMNameIdentifier,,,
f002_Census_OEMModelIdentifier,,,
f002_Census_ProcessorManufacturerIdentifier,,,
f002_Census_ProcessorModelIdentifier,,,
f002_Census_ProcessorClass,,,
f002_Census_PrimaryDiskTypeName,,,
f002_Census_ChassisTypeName,,,
f002_Census_PowerPlatformRoleName,,,
f002_Census_InternalBatteryType,,,
f002_Census_OSArchitecture,,,
f002_Census_OSBranch,,,
f002_Census_OSEdition,,,
f002_Census_OSSkuName,,,
f002_Census_OSInstallTypeName,,,
f002_Census_OSInstallLanguageIdentifier,,,
f002_Census_OSUILocaleIdentifier,,,
f002_Census_OSWUAutoUpdateOptionsName,,,
f002_Census_GenuineStateName,,,
f002_Census_ActivationChannel,,,
f002_Census_FlightRing,,,
f002_Census_FirmwareManufacturerIdentifier,,,
f002_Census_FirmwareVersionIdentifier,,,
f002_Wdft_RegionIdentifier,,,
f002_OsBuild,,,
f002_OsSuite,,,
f002_OsBuildLab_major,,,
f002_OsBuildLab_minor,,,
f002_OsBuildLab_build,,,
f002_OsBuildLab_architecture,,,
