Census_OSVersion,date,v
10.0.10240.16384,2015-07-15,10.0.10240
10.0.10240.16405,2015-07-29,10.0.10240
10.0.10240.16413,2015-08-05,10.0.10240
10.0.10240.16430,2015-08-11,10.0.10240
10.0.10240.16433,2015-08-14,10.0.10240
10.0.10240.16445,2015-08-18,10.0.10240
10.0.10240.16463,2015-08-27,10.0.10240
10.0.10240.16487,2015-09-08,10.0.10240
10.0.10240.16520,2015-09-30,10.0.10240
10.0.10240.16549,2015-10-13,10.0.10240
10.0.10240.16566,2015-10-27,10.0.10240
10.0.10586.0,2015-11-05,10.0.10586
10.0.10586.3,2015-11-10,10.0.10586
10.0.10240.16590,2015-11-10,10.0.10240
10.0.10586.11,2015-11-18,10.0.10586
10.0.10586.14,2015-11-24,10.0.10586
10.0.10586.17,2015-12-02,10.0.10586
10.0.10586.29,2015-12-04,10.0.10586
10.0.10240.16601,2015-12-08,10.0.10240
10.0.10586.36,2015-12-17,10.0.10586
10.0.10240.16644,2016-01-12,10.0.10240
10.0.10586.63,2016-01-12,10.0.10586
10.0.10586.71,2016-01-27,10.0.10586
10.0.10586.104,2016-02-09,10.0.10586
10.0.10240.16683,2016-02-09,10.0.10240
10.0.10586.122,2016-03-01,10.0.10586
10.0.10586.164,2016-03-08,10.0.10586
10.0.10240.16725,2016-03-08,10.0.10240
10.0.10586.218,2016-04-12,10.0.10586
10.0.10240.16771,2016-04-12,10.0.10240
10.0.10586.240,2016-04-27,10.0.10586
10.0.10586.318,2016-05-10,10.0.10586
10.0.10586.338,2016-06-02,10.0.10586
10.0.10586.420,2016-06-14,10.0.10586
10.0.10240.16942,2016-06-14,10.0.10240
10.0.10586.456,2016-06-29,10.0.10586
10.0.10586.494,2016-07-12,10.0.10586
10.0.14393.0,2016-07-20,10.0.14393
10.0.14393.5,2016-07-28,10.0.14393
10.0.14393.10,2016-08-02,10.0.14393
10.0.10240.17071,2016-08-09,10.0.10240
10.0.14393.51,2016-08-09,10.0.14393
10.0.10586.545,2016-08-09,10.0.10586
10.0.14393.82,2016-08-23,10.0.14393
10.0.14393.105,2016-08-31,10.0.14393
10.0.10586.589,2016-09-13,10.0.10586
10.0.10240.17113,2016-09-13,10.0.10240
10.0.14393.187,2016-09-20,10.0.14393
10.0.14393.222,2016-09-29,10.0.14393
10.0.10586.633,2016-10-11,10.0.10586
10.0.10240.17146,2016-10-11,10.0.10240
10.0.14393.321,2016-10-11,10.0.14393
10.0.14393.351,2016-10-27,10.0.14393
10.0.14393.447,2016-11-08,10.0.14393
10.0.10586.679,2016-11-08,10.0.10586
10.0.10240.17190,2016-11-08,10.0.10240
10.0.14393.479,2016-12-09,10.0.14393
10.0.14393.576,2016-12-13,10.0.14393
10.0.10586.713,2016-12-13,10.0.10586
10.0.10240.17202,2016-12-13,10.0.10240
10.0.14393.693,2017-01-10,10.0.14393
10.0.10240.17236,2017-01-10,10.0.10240
10.0.10586.753,2017-01-10,10.0.10586
10.0.14393.726,2017-01-26,10.0.14393
10.0.14393.729,2017-01-30,10.0.14393
10.0.10240.17319,2017-03-14,10.0.10240
10.0.10586.839,2017-03-14,10.0.10586
10.0.14393.953,2017-03-14,10.0.14393
10.0.14393.969,2017-03-20,10.0.14393
10.0.14393.970,2017-03-22,10.0.14393
10.0.10586.842,2017-03-23,10.0.10586
10.0.15063.0,2017-03-30,10.0.15063
10.0.15063.11,2017-03-31,10.0.15063
10.0.15063.13,2017-04-05,10.0.15063
10.0.14393.1066,2017-04-11,10.0.14393
10.0.15063.138,2017-04-11,10.0.15063
10.0.10240.17354,2017-04-11,10.0.10240
10.0.10586.873,2017-04-11,10.0.10586
10.0.15063.250,2017-04-25,10.0.15063
10.0.10586.916,2017-05-09,10.0.10586
10.0.14393.1198,2017-05-09,10.0.14393
10.0.15063.296,2017-05-09,10.0.15063
10.0.10240.17394,2017-05-09,10.0.10240
10.0.15063.332,2017-05-25,10.0.15063
10.0.14393.1230,2017-05-26,10.0.14393
10.0.10240.17443,2017-06-13,10.0.10240
10.0.15063.413,2017-06-13,10.0.15063
10.0.10586.962,2017-06-13,10.0.10586
10.0.14393.1358,2017-06-13,10.0.14393
10.0.14393.1378,2017-06-27,10.0.14393
10.0.15063.447,2017-06-27,10.0.15063
10.0.10240.17446,2017-06-27,10.0.10240
10.0.10586.1007,2017-07-11,10.0.10586
10.0.14393.1480,2017-07-11,10.0.14393
10.0.15063.483,2017-07-11,10.0.15063
10.0.10240.17488,2017-07-11,10.0.10240
10.0.14393.1532,2017-07-18,10.0.14393
10.0.15063.502,2017-07-31,10.0.15063
10.0.14393.1537,2017-08-07,10.0.14393
10.0.14393.1593,2017-08-08,10.0.14393
10.0.10240.17533,2017-08-08,10.0.10240
10.0.15063.540,2017-08-08,10.0.15063
10.0.10586.1045,2017-08-08,10.0.10586
10.0.14393.1613,2017-08-16,10.0.14393
10.0.14393.1670,2017-08-28,10.0.14393
10.0.15063.608,2017-09-12,10.0.15063
10.0.10240.17609,2017-09-12,10.0.10240
10.0.10586.1106,2017-09-12,10.0.10586
10.0.14393.1715,2017-09-12,10.0.14393
10.0.15063.632,2017-09-25,10.0.15063
10.0.14393.1737,2017-09-28,10.0.14393
10.0.10240.17643,2017-10-10,10.0.10240
10.0.14393.1770,2017-10-10,10.0.14393
10.0.10586.1176,2017-10-10,10.0.10586
10.0.15063.674,2017-10-10,10.0.15063
10.0.16299.15,2017-10-10,10.0.16299
10.0.16299.19,2017-10-17,10.0.16299
10.0.14393.1797,2017-11-02,10.0.14393
10.0.15063.675,2017-11-02,10.0.15063
10.0.10586.1177,2017-11-02,10.0.10586
10.0.10240.17673,2017-11-14,10.0.10240
10.0.10586.1232,2017-11-14,10.0.10586
10.0.15063.726,2017-11-14,10.0.15063
10.0.16299.64,2017-11-14,10.0.16299
10.0.14393.1884,2017-11-14,10.0.14393
10.0.15063.729,2017-11-22,10.0.15063
10.0.14393.1914,2017-11-27,10.0.14393
10.0.16299.98,2017-11-30,10.0.16299
10.0.10240.17709,2017-12-12,10.0.10240
10.0.15063.786,2017-12-12,10.0.15063
10.0.16299.125,2017-12-12,10.0.16299
10.0.14393.1944,2017-12-12,10.0.14393
10.0.15063.850,2018-01-03,10.0.15063
10.0.16299.192,2018-01-03,10.0.16299
10.0.10240.17738,2018-01-03,10.0.10240
10.0.14393.2007,2018-01-03,10.0.14393
10.0.14393.2035,2018-01-17,10.0.14393
10.0.15063.877,2018-01-17,10.0.15063
10.0.16299.201,2018-01-18,10.0.16299
10.0.16299.214,2018-01-31,10.0.16299
10.0.14393.2068,2018-02-13,10.0.14393
10.0.15063.909,2018-02-13,10.0.15063
10.0.10240.17770,2018-02-13,10.0.10240
10.0.10586.1417,2018-02-13,10.0.10586
10.0.16299.248,2018-02-13,10.0.16299
10.0.14393.2097,2018-02-22,10.0.14393
10.0.16299.251,2018-03-05,10.0.16299
10.0.15063.936,2018-03-08,10.0.15063
10.0.15063.966,2018-03-13,10.0.15063
10.0.10240.17797,2018-03-13,10.0.10240
10.0.14393.2125,2018-03-13,10.0.14393
10.0.16299.309,2018-03-13,10.0.16299
10.0.15063.994,2018-03-22,10.0.15063
10.0.16299.334,2018-03-22,10.0.16299
10.0.14393.2155,2018-03-22,10.0.14393
10.0.14393.2156,2018-03-29,10.0.14393
10.0.14393.2189,2018-04-10,10.0.14393
10.0.15063.1029,2018-04-10,10.0.15063
10.0.10240.17831,2018-04-10,10.0.10240
10.0.16299.371,2018-04-10,10.0.16299
10.0.14393.2214,2018-04-17,10.0.14393
10.0.15063.1058,2018-04-17,10.0.15063
10.0.17134.1,2018-04-20,10.0.17134
10.0.16299.402,2018-04-23,10.0.16299
10.0.17134.5,2018-04-27,10.0.17134
10.0.15063.1088,2018-05-08,10.0.15063
10.0.17134.48,2018-05-08,10.0.17134
10.0.10240.17861,2018-05-08,10.0.10240
10.0.14393.2248,2018-05-08,10.0.14393
10.0.16299.431,2018-05-08,10.0.16299
10.0.14393.2273,2018-05-17,10.0.14393
10.0.15063.1112,2018-05-17,10.0.15063
10.0.16299.461,2018-05-21,10.0.16299
10.0.17134.81,2018-05-23,10.0.17134
10.0.17134.83,2018-06-05,10.0.17134
10.0.14393.2312,2018-06-12,10.0.14393
10.0.10240.17889,2018-06-12,10.0.10240
10.0.15063.1155,2018-06-12,10.0.15063
10.0.16299.492,2018-06-12,10.0.16299
10.0.17134.112,2018-06-12,10.0.17134
10.0.14393.2339,2018-06-21,10.0.14393
10.0.16299.522,2018-06-21,10.0.16299
10.0.15063.1182,2018-06-21,10.0.15063
10.0.17134.137,2018-06-26,10.0.17134
10.0.17692.1004,2018-07-02,10.0.17692
10.0.15063.1206,2018-07-10,10.0.15063
10.0.10240.17914,2018-07-10,10.0.10240
10.0.16299.547,2018-07-10,10.0.16299
10.0.17134.165,2018-07-10,10.0.17134
10.0.14393.2363,2018-07-10,10.0.14393
10.0.10240.17918,2018-07-16,10.0.10240
10.0.17134.167,2018-07-16,10.0.17134
10.0.16299.551,2018-07-16,10.0.16299
10.0.15063.1209,2018-07-16,10.0.15063
10.0.14393.2368,2018-07-16,10.0.14393
10.0.17134.191,2018-07-24,10.0.17134
10.0.14393.2395,2018-07-24,10.0.14393
10.0.15063.1235,2018-07-24,10.0.15063
10.0.16299.579,2018-07-24,10.0.16299
10.0.14393.2396,2018-07-30,10.0.14393
10.0.17735.1000,2018-08-10,10.0.17735
10.0.16299.611,2018-08-14,10.0.16299
10.0.17134.228,2018-08-14,10.0.17134
10.0.14393.2430,2018-08-14,10.0.14393
10.0.10240.17946,2018-08-14,10.0.10240
10.0.15063.1266,2018-08-14,10.0.15063
10.0.17741.1000,2018-08-17,10.0.17741
10.0.17744.1001,2018-08-21,10.0.17744
10.0.17738.1000,2018-08-23,10.0.17738
10.0.17746.1000,2018-08-24,10.0.17746
10.0.16299.637,2018-08-30,10.0.16299
10.0.14393.2457,2018-08-30,10.0.14393
10.0.15063.1292,2018-08-30,10.0.15063
10.0.17134.254,2018-08-30,10.0.17134
10.0.17744.1003,2018-08-30,10.0.17744
10.0.17751.1,2018-08-31,10.0.17751
10.0.17744.1004,2018-09-07,10.0.17744
10.0.17755.1,2018-09-07,10.0.17755
10.0.10240.17976,2018-09-11,10.0.10240
10.0.17754.1,2018-09-11,10.0.17754
10.0.17134.285,2018-09-11,10.0.17134
10.0.15063.1324,2018-09-11,10.0.15063
10.0.16299.665,2018-09-11,10.0.16299
10.0.14393.2485,2018-09-11,10.0.14393
10.0.17760.1,2018-09-14,10.0.17760
10.0.17758.1,2018-09-14,10.0.17758
10.0.17134.286,2018-09-17,10.0.17134
10.0.16299.666,2018-09-17,10.0.16299
10.0.17758.4,2018-09-18,10.0.17758
10.0.15063.1356,2018-09-20,10.0.15063
10.0.16299.696,2018-09-20,10.0.16299
10.0.17134.319,2018-09-20,10.0.17134
10.0.14393.2515,2018-09-20,10.0.14393
10.0.17763.1,2018-10-02,10.0.17763
10.0.10586.446,,10.0.10586
10.0.10240.16397,,10.0.10240
10.0.17713.1002,,10.0.17713
10.0.10240.16854,,10.0.10240
10.0.14393.223,,10.0.14393
10.0.17733.1000,,10.0.17733
10.0.14393.67,,10.0.14393
10.0.17740.1000,,10.0.17740
10.0.17672.1000,,10.0.17672
10.0.10586.105,,10.0.10586
10.0.15063.1154,,10.0.15063
10.0.17666.1000,,10.0.17666
10.0.10240.17024,,10.0.10240
10.0.17677.1000,,10.0.17677
10.0.17686.1003,,10.0.17686
10.0.17747.1000,,10.0.17747
10.0.16299.194,,10.0.16299
10.0.14314.228,,10.0.14314
10.0.15063.14,,10.0.15063
10.0.15063.330,,10.0.15063
10.0.17133.1,,10.0.17133
10.0.17759.1,,10.0.17759
10.0.10240.16393,,10.0.10240
10.0.17692.1000,,10.0.17692
10.0.17133.73,,10.0.17133
10.0.14393.577,,10.0.14393
10.0.10586.79,,10.0.10586
10.0.17682.1000,,10.0.17682
10.0.17761.1001,,10.0.17761
10.0.10586.499,,10.0.10586
10.0.16299.165,,10.0.16299
10.0.10240.16387,,10.0.10240
10.0.17661.1001,,10.0.17661
10.0.14393.3,,10.0.14393
10.0.17643.1000,,10.0.17643
10.0.18234.1000,,10.0.18234
10.0.18242.1000,,10.0.18242
10.0.17639.1000,,10.0.17639
10.0.17634.1000,,10.0.17634
10.0.14986.1001,,10.0.14986
10.0.10240.16389,,10.0.10240
10.0.10586.639,,10.0.10586
10.0.10240.16732,,10.0.10240
10.0.18237.1000,,10.0.18237
10.0.17704.1000,,10.0.17704
10.0.16275.1000,,10.0.16275
10.0.17650.1001,,10.0.17650
10.0.14393.594,,10.0.14393
10.0.15063.448,,10.0.15063
10.0.15031.0,,10.0.15031
10.0.10586.112,,10.0.10586
10.0.14390.0,,10.0.14390
10.0.16299.491,,10.0.16299
10.0.17723.1000,,10.0.17723
10.0.10240.16500,,10.0.10240
10.0.14257.1000,,10.0.14257
10.0.14295.1005,,10.0.14295
10.0.16179.1000,,10.0.16179
10.0.14385.0,,10.0.14385
10.0.17713.1000,,10.0.17713
10.0.17711.1000,,10.0.17711
10.0.17754.1000,,10.0.17754
10.0.15063.242,,10.0.15063
10.0.15042.0,,10.0.15042
10.0.17761.1,,10.0.17761
10.0.17004.1000,,10.0.17004
10.0.14393.103,,10.0.14393
10.0.7601.112,,10.0.7601
10.0.17728.1000,,10.0.17728
10.0.14342.1002,,10.0.14342
10.0.15002.1001,,10.0.15002
10.0.18240.1000,,10.0.18240
10.0.14316.1000,,10.0.14316
10.0.17627.1000,,10.0.17627
10.0.10586.1540,,10.0.10586
10.0.14366.0,,10.0.14366
10.0.14295.1004,,10.0.14295
10.0.14393.206,,10.0.14393
10.0.14946.1000,,10.0.14946
10.0.14352.1002,,10.0.14352
10.0.17730.1001,,10.0.17730
10.0.14905.1000,,10.0.14905
10.0.15019.1000,,10.0.15019
10.0.16251.1000,,10.0.16251
10.0.14372.0,,10.0.14372
6.3.9600.19102,,6.3.9600
10.0.17655.1000,,10.0.17655
10.0.15055.0,,10.0.15055
6.1.7601.24241,,6.1.7601
10.0.10586.550,,10.0.10586
10.0.17017.1000,,10.0.17017
10.0.14291.1001,,10.0.14291
6.2.9200.17617,,6.2.9200
10.0.10240.16394,,10.0.10240
10.0.18219.1000,,10.0.18219
10.0.9600.164,,10.0.9600
10.0.14971.1000,,10.0.14971
10.0.16299.1003,,10.0.16299
10.0.17742.1000,,10.0.17742
10.0.16232.1000,,10.0.16232
10.0.16299.0,,10.0.16299
10.0.15025.1000,,10.0.15025
10.0.18204.1001,,10.0.18204
10.0.14379.0,,10.0.14379
10.0.17063.1000,,10.0.17063
10.0.17035.1000,,10.0.17035
10.0.14389.19,,10.0.14389
10.0.14361.0,,10.0.14361
10.0.10565.41736,,10.0.10565
10.0.14931.1002,,10.0.14931
10.0.9200.545,,10.0.9200
10.0.17134.111,,10.0.17134
10.0.15048.0,,10.0.15048
10.0.16294.1,,10.0.16294
10.0.11099.1000,,10.0.11099
10.0.7601.29,,10.0.7601
10.0.14936.1000,,10.0.14936
10.0.10240.16399,,10.0.10240
6.3.9600.19069,,6.3.9600
10.0.18214.1000,,10.0.18214
10.0.14931.1000,,10.0.14931
10.0.17730.1000,,10.0.17730
10.0.17074.1002,,10.0.17074
10.0.10240.16391,,10.0.10240
10.0.17134.226,,10.0.17134
10.0.17623.1002,,10.0.17623
10.0.14271.1000,,10.0.14271
10.0.14926.1000,,10.0.14926
10.0.17025.1000,,10.0.17025
10.0.16176.1000,,10.0.16176
10.0.16299.484,,10.0.16299
10.0.17604.1000,,10.0.17604
10.0.16241.1001,,10.0.16241
10.0.14393.2423,,10.0.14393
10.0.17618.1000,,10.0.17618
10.0.17128.1,,10.0.17128
10.0.10586.601,,10.0.10586
10.0.14901.1000,,10.0.14901
10.0.16278.1000,,10.0.16278
10.0.16199.1000,,10.0.16199
10.0.10240.17974,,10.0.10240
10.0.14915.1000,,10.0.14915
10.0.17127.1,,10.0.17127
10.0.14332.1001,,10.0.14332
10.0.10576.0,,10.0.10576
10.0.14393.2311,,10.0.14393
10.0.16193.1001,,10.0.16193
10.0.11082.1000,,10.0.11082
10.0.14298.1,,10.0.14298
6.2.9200.17581,,6.2.9200
10.0.10240.16425,,10.0.10240
6.3.9600.18687,,6.3.9600
10.0.18224.1000,,10.0.18224
10.0.18241.1000,,10.0.18241
10.0.17134.281,,10.0.17134
10.0.17689.1000,,10.0.17689
10.0.17753.1001,,10.0.17753
10.0.16281.1000,,10.0.16281
10.0.16299.365,,10.0.16299
10.0.17093.1000,,10.0.17093
10.0.16288.1,,10.0.16288
10.0.14230.228,,10.0.14230
6.1.7601.24149,,6.1.7601
10.0.16299.91,,10.0.16299
10.0.16215.1000,,10.0.16215
10.0.14986.1000,,10.0.14986
10.0.14955.1000,,10.0.14955
10.0.16299.695,,10.0.16299
10.0.17134.284,,10.0.17134
10.0.14295.1000,,10.0.14295
10.0.17134.283,,10.0.17134
10.0.16257.1000,,10.0.16257
10.0.17046.1000,,10.0.17046
10.0.16299.488,,10.0.16299
10.0.14421.191,,10.0.14421
10.0.14342.1001,,10.0.14342
10.0.14328.1000,,10.0.14328
10.0.18227.1000,,10.0.18227
10.0.18238.1000,,10.0.18238
10.0.14425.191,,10.0.14425
10.0.14965.1001,,10.0.14965
10.0.14959.1000,,10.0.14959
10.0.10240.17943,,10.0.10240
10.0.15061.0,,10.0.15061
10.0.17107.1000,,10.0.17107
10.0.16170.1000,,10.0.16170
10.0.17694.1000,,10.0.17694
10.0.14306.112,,10.0.14306
6.3.9600.18778,,6.3.9600
10.0.14300.1000,,10.0.14300
10.0.17757.1,,10.0.17757
10.0.18233.1000,,10.0.18233
10.0.7600.112,,10.0.7600
10.0.14474.228,,10.0.14474
10.0.16296.0,,10.0.16296
10.0.15060.0,,10.0.15060
10.0.14206.228,,10.0.14206
10.0.17753.1,,10.0.17753
10.0.16273.1000,,10.0.16273
10.0.14393.112,,10.0.14393
10.0.16291.0,,10.0.16291
10.0.9200.1593,,10.0.9200
6.1.7601.24214,,6.1.7601
10.0.14951.1000,,10.0.14951
10.0.14279.1000,,10.0.14279
6.3.9600.18756,,6.3.9600
10.0.15063.1149,,10.0.15063
10.0.17756.1,,10.0.17756
10.0.14942.1000,,10.0.14942
10.0.17040.1000,,10.0.17040
10.0.14379.1,,10.0.14379
10.0.17749.1000,,10.0.17749
10.0.14267.1000,,10.0.14267
10.0.10240.16498,,10.0.10240
10.0.16299.691,,10.0.16299
10.0.17752.1,,10.0.17752
10.0.16299.109,,10.0.16299
6.1.7601.23418,,6.1.7601
10.0.18064.228,,10.0.18064
10.0.17115.1,,10.0.17115
10.0.18226.1000,,10.0.18226
10.0.15046.0,,10.0.15046
10.0.14383.0,,10.0.14383
10.0.16237.1001,,10.0.16237
10.0.10586.596,,10.0.10586
10.0.15063.1322,,10.0.15063
10.0.18230.1000,,10.0.18230
10.0.18244.1000,,10.0.18244
10.0.17083.1000,,10.0.17083
10.0.18236.1001,,10.0.18236
10.0.17744.1000,,10.0.17744
6.2.9200.21703,,6.2.9200
10.0.14466.228,,10.0.14466
10.0.16299.183,,10.0.16299
10.0.17750.1000,,10.0.17750
